sep=;
"Version";"4";;;;;
"Language";"en-US";;;;;
"Local export date";"29.12.2024 10:17:45";;;;;
"Export UTC date";"2024-12-29T09:17:45.124Z";;;;;
"Time zone";"Europe/Berlin";;;;;
"User name";"Name";;;
"Level";"System";;;
"System ID";"0815";;;
"System name";"0815_Name";;;
"";"";;;;;
"Time period";"Bad Heizkörper [W]";"Heizung WP Verb [W]";"Total consumption [W]";"Base load [W]";"Total generation [W]";"PV generation [W]"
"12/06/2024 12.15 AM";"0";"4,030";"4,317";"286";"0";"0"
"12/06/2024 12.30 AM";"0";"5,160";"5,433";"273";"0";"0"
"12/06/2024 12.45 AM";"0";"5,408";"5,664";"256";"0";"0"
"12/06/2024 01.00 AM";"0";"2,693";"3,024";"330";"0";"0"
"12/06/2024 01.15 AM";"0";"2,805";"3,135";"330";"0";"0"
"12/06/2024 01.30 AM";"0";"86";"410";"324";"0";"0"
"12/06/2024 01.45 AM";"0";"130";"443";"312";"0";"0"
"12/06/2024 02.00 AM";"0";"156";"477";"320";"0";"0"
"12/06/2024 02.15 AM";"0";"121";"569";"448";"0";"0"
"12/06/2024 02.30 AM";"0";"85";"255";"170";"0";"0"
"12/06/2024 02.45 AM";"0";"2,422";"2,532";"110";"0";"0"
"12/06/2024 03.00 AM";"0";"5,309";"5,427";"118";"0";"0"
"12/06/2024 03.15 AM";"0";"2,598";"2,730";"132";"0";"0"
"12/06/2024 03.30 AM";"0";"86";"191";"105";"0";"0"
"12/06/2024 03.45 AM";"0";"122";"281";"159";"0";"0"
"12/06/2024 04.00 AM";"0";"157";"354";"197";"0";"0"
"12/06/2024 04.15 AM";"0";"116";"307";"191";"0";"0"
"12/06/2024 04.30 AM";"0";"83";"271";"187";"0";"0"
"12/06/2024 04.45 AM";"0";"2,158";"2,357";"199";"0";"0"
"12/06/2024 05.00 AM";"0";"3,805";"4,002";"197";"0";"0"
"12/06/2024 05.15 AM";"0";"3,460";"3,603";"143";"0";"0"
"12/06/2024 05.30 AM";"0";"86";"190";"104";"0";"0"
"12/06/2024 05.45 AM";"0";"91";"195";"104";"0";"0"
"12/06/2024 06.00 AM";"0";"154";"258";"104";"0";"0"
"12/06/2024 06.15 AM";"0";"145";"248";"103";"0";"0"
"12/06/2024 06.30 AM";"0";"82";"217";"135";"0";"0"
"12/06/2024 06.45 AM";"0";"92";"505";"413";"0";"0"
"12/06/2024 07.00 AM";"0";"737";"1,235";"497";"0";"0"
"12/06/2024 07.15 AM";"0";"3,537";"4,184";"647";"0";"0"
"12/06/2024 07.30 AM";"0";"3,801";"4,404";"603";"0";"0"
"12/06/2024 07.45 AM";"0";"1,559";"2,178";"620";"0";"0"
"12/06/2024 08.00 AM";"254";"82";"915";"578";"0";"0"
"12/06/2024 08.15 AM";"0";"125";"666";"542";"0";"0"
"12/06/2024 08.30 AM";"0";"154";"356";"203";"58";"58"
"12/06/2024 08.45 AM";"0";"109";"230";"120";"138";"138"
"12/06/2024 09.00 AM";"0";"83";"197";"114";"373";"373"
"12/06/2024 09.15 AM";"0";"129";"255";"126";"343";"343"
"12/06/2024 09.30 AM";"0";"2,743";"2,850";"108";"450";"450"
"12/06/2024 09.45 AM";"0";"3,740";"3,877";"137";"1,428";"1,428"
"12/06/2024 10.00 AM";"0";"3,839";"4,068";"229";"834";"834"
"12/06/2024 10.15 AM";"0";"1,389";"1,583";"194";"769";"769"
"12/06/2024 10.30 AM";"359";"83";"634";"192";"1,073";"1,073"
"12/06/2024 10.45 AM";"335";"130";"649";"184";"1,094";"1,094"
"12/06/2024 11.00 AM";"252";"156";"598";"190";"1,149";"1,149"
"12/06/2024 11.15 AM";"257";"106";"467";"104";"1,320";"1,320"
"12/06/2024 11.30 AM";"235";"82";"415";"98";"1,401";"1,401"
"12/06/2024 11.45 AM";"111";"133";"912";"668";"681";"681"
"12/06/2024 12.00 PM";"0";"1,715";"1,964";"248";"626";"626"
"12/06/2024 12.15 PM";"0";"3,675";"4,013";"337";"1,292";"1,292"
"12/06/2024 12.30 PM";"0";"3,786";"4,209";"423";"726";"726"
"12/06/2024 12.45 PM";"0";"3,632";"6,169";"2,536";"617";"617"
"12/06/2024 01.00 PM";"0";"87";"1,971";"1,884";"524";"524"
"12/06/2024 01.15 PM";"0";"88";"634";"546";"526";"526"
"12/06/2024 01.30 PM";"0";"154";"600";"446";"471";"471"
"12/06/2024 01.45 PM";"0";"151";"470";"319";"407";"407"
"12/06/2024 02.00 PM";"0";"1,582";"1,793";"210";"375";"375"
"12/06/2024 02.15 PM";"0";"3,727";"3,936";"208";"447";"447"
"12/06/2024 02.30 PM";"0";"3,836";"4,067";"231";"373";"373"
"12/06/2024 02.45 PM";"0";"1,810";"1,970";"160";"304";"304"
"12/06/2024 03.00 PM";"0";"85";"502";"418";"192";"192"
"12/06/2024 03.15 PM";"0";"123";"449";"327";"168";"168"
"12/06/2024 03.30 PM";"0";"156";"603";"447";"65";"65"
"12/06/2024 03.45 PM";"0";"115";"1,312";"1,197";"46";"46"
"12/06/2024 04.00 PM";"0";"83";"1,148";"1,065";"10";"10"
"12/06/2024 04.15 PM";"0";"2,986";"3,325";"339";"0";"0"
"12/06/2024 04.30 PM";"0";"3,989";"4,561";"571";"0";"0"
"12/06/2024 04.45 PM";"0";"5,442";"5,664";"222";"0";"0"
"12/06/2024 05.00 PM";"0";"2,463";"2,610";"146";"0";"0"
"12/06/2024 05.15 PM";"0";"1,335";"1,696";"360";"0";"0"
"12/06/2024 05.30 PM";"0";"169";"499";"330";"0";"0"
"12/06/2024 05.45 PM";"0";"203";"698";"494";"0";"0"
"12/06/2024 06.00 PM";"0";"888";"1,244";"355";"0";"0"
"12/06/2024 06.15 PM";"0";"1,317";"1,716";"399";"0";"0"
"12/06/2024 06.30 PM";"0";"115";"837";"722";"0";"0"
"12/06/2024 06.45 PM";"0";"2,516";"3,017";"500";"0";"0"
"12/06/2024 07.00 PM";"0";"5,090";"5,814";"724";"0";"0"
"12/06/2024 07.15 PM";"0";"5,419";"6,064";"645";"0";"0"
"12/06/2024 07.30 PM";"-";"2,121";"3,900";"1,779";"0";"0"
"12/06/2024 07.45 PM";"0";"83";"373";"290";"0";"0"
"12/06/2024 08.00 PM";"0";"127";"489";"363";"0";"0"
"12/06/2024 08.15 PM";"0";"154";"614";"460";"0";"0"
"12/06/2024 08.30 PM";"0";"108";"491";"383";"0";"0"
"12/06/2024 08.45 PM";"191";"83";"752";"478";"0";"0"
"12/06/2024 09.00 PM";"107";"2,676";"3,309";"527";"0";"0"
"12/06/2024 09.15 PM";"0";"5,200";"5,504";"305";"0";"0"
"12/06/2024 09.30 PM";"0";"5,276";"5,542";"265";"0";"0"
"12/06/2024 09.45 PM";"0";"87";"358";"271";"0";"0"
"12/06/2024 10.00 PM";"0";"86";"351";"265";"0";"0"
"12/06/2024 10.15 PM";"0";"153";"432";"279";"0";"0"
"12/06/2024 10.30 PM";"0";"150";"535";"385";"0";"0"
"12/06/2024 10.45 PM";"0";"82";"531";"449";"0";"0"
"12/06/2024 11.00 PM";"0";"804";"1,257";"453";"0";"0"
"12/06/2024 11.15 PM";"0";"3,532";"4,002";"470";"0";"0"
"12/06/2024 11.30 PM";"0";"3,776";"4,248";"471";"0";"0"
"12/06/2024 11.45 PM";"0";"2,853";"3,224";"371";"0";"0"
"12/07/2024 12.00 AM";"0";"84";"457";"373";"0";"0"
"12/07/2024 12.15 AM";"0";"101";"469";"368";"0";"0"
"12/07/2024 12.30 AM";"0";"155";"532";"377";"0";"0"
"12/07/2024 12.45 AM";"0";"135";"399";"264";"0";"0"
"12/07/2024 01.00 AM";"0";"82";"385";"303";"0";"0"
"12/07/2024 01.15 AM";"0";"104";"435";"332";"0";"0"
"12/07/2024 01.30 AM";"0";"157";"481";"324";"0";"0"
"12/07/2024 01.45 AM";"0";"2,031";"2,262";"232";"0";"0"
"12/07/2024 02.00 AM";"0";"5,014";"5,212";"198";"0";"0"
"12/07/2024 02.15 AM";"0";"5,334";"5,472";"138";"0";"0"
"12/07/2024 02.30 AM";"0";"5,000";"5,092";"92";"0";"0"
"12/07/2024 02.45 AM";"0";"86";"183";"96";"0";"0"
"12/07/2024 03.00 AM";"0";"90";"186";"96";"0";"0"
"12/07/2024 03.15 AM";"0";"154";"250";"96";"0";"0"
"12/07/2024 03.30 AM";"0";"147";"266";"119";"0";"0"
"12/07/2024 03.45 AM";"0";"82";"274";"192";"0";"0"
"12/07/2024 04.00 AM";"0";"91";"275";"184";"0";"0"
"12/07/2024 04.15 AM";"0";"156";"336";"180";"0";"0"
"12/07/2024 04.30 AM";"0";"148";"325";"177";"0";"0"
"12/07/2024 04.45 AM";"0";"2,596";"2,757";"161";"0";"0"
"12/07/2024 05.00 AM";"0";"2,953";"3,040";"87";"0";"0"
"12/07/2024 05.15 AM";"0";"4,954";"5,060";"106";"0";"0"
"12/07/2024 05.30 AM";"0";"5,437";"5,550";"113";"0";"0"
"12/07/2024 05.45 AM";"0";"5,565";"5,676";"111";"0";"0"
"12/07/2024 06.00 AM";"0";"2,454";"2,546";"92";"0";"0"
"12/07/2024 06.15 AM";"0";"2,451";"2,615";"163";"0";"0"
"12/07/2024 06.30 AM";"0";"83";"298";"215";"0";"0"
"12/07/2024 06.45 AM";"0";"121";"441";"320";"0";"0"
"12/07/2024 07.00 AM";"0";"154";"471";"316";"0";"0"
"12/07/2024 07.15 AM";"0";"113";"429";"316";"0";"0"
"12/07/2024 07.30 AM";"0";"82";"368";"286";"0";"0"
"12/07/2024 07.45 AM";"0";"124";"371";"248";"0";"0"
"12/07/2024 08.00 AM";"0";"156";"415";"259";"43";"43"
"12/07/2024 08.15 AM";"0";"1,939";"2,182";"243";"49";"49"
"12/07/2024 08.30 AM";"0";"4,976";"5,113";"136";"83";"83"
"12/07/2024 08.45 AM";"0";"5,300";"5,456";"156";"259";"259"
"12/07/2024 09.00 AM";"344";"5,121";"5,781";"317";"357";"357"
"12/07/2024 09.15 AM";"0";"2,742";"3,629";"887";"256";"256"
"12/07/2024 09.30 AM";"0";"2,551";"3,882";"1,331";"280";"280"
"12/07/2024 09.45 AM";"0";"82";"612";"529";"367";"367"
"12/07/2024 10.00 AM";"0";"120";"340";"220";"509";"509"
"12/07/2024 10.15 AM";"0";"153";"431";"278";"568";"568"
"12/07/2024 10.30 AM";"0";"113";"394";"281";"676";"676"
"12/07/2024 10.45 AM";"0";"81";"302";"221";"713";"713"
"12/07/2024 11.00 AM";"0";"123";"590";"467";"610";"610"
"12/07/2024 11.15 AM";"0";"155";"559";"404";"523";"523"
"12/07/2024 11.30 AM";"0";"707";"925";"218";"457";"457"
"12/07/2024 11.45 AM";"0";"4,174";"4,501";"326";"473";"473"
"12/07/2024 12.00 PM";"0";"5,243";"5,536";"293";"392";"392"
"12/07/2024 12.15 PM";"0";"5,467";"5,795";"328";"287";"287"
"12/07/2024 12.30 PM";"0";"1,850";"2,244";"394";"242";"242"
"12/07/2024 12.45 PM";"0";"81";"489";"407";"231";"231"
"12/07/2024 01.00 PM";"389";"130";"1,378";"859";"281";"281"
"12/07/2024 01.15 PM";"0";"153";"981";"828";"251";"251"
"12/07/2024 01.30 PM";"0";"355";"855";"499";"229";"229"
"12/07/2024 01.45 PM";"0";"1,475";"1,707";"232";"230";"230"
"12/07/2024 02.00 PM";"0";"1,793";"1,960";"167";"257";"257"
"12/07/2024 02.15 PM";"0";"159";"446";"287";"210";"210"
"12/07/2024 02.30 PM";"0";"567";"839";"272";"285";"285"
"12/07/2024 02.45 PM";"0";"4,021";"4,446";"425";"272";"272"
"12/07/2024 03.00 PM";"0";"5,232";"7,520";"2,288";"171";"171"
"12/07/2024 03.15 PM";"0";"3,107";"4,266";"1,159";"135";"135"
"12/07/2024 03.30 PM";"0";"4,811";"6,392";"1,581";"134";"134"
"12/07/2024 03.45 PM";"0";"1,493";"2,446";"952";"64";"64"
"12/07/2024 04.00 PM";"0";"81";"1,514";"1,433";"49";"49"
"12/07/2024 04.15 PM";"0";"134";"1,303";"1,169";"6";"6"
"12/07/2024 04.30 PM";"0";"154";"1,707";"1,553";"0";"0"
"12/07/2024 04.45 PM";"0";"98";"1,550";"1,452";"0";"0"
"12/07/2024 05.00 PM";"0";"81";"1,596";"1,515";"0";"0"
"12/07/2024 05.15 PM";"0";"139";"1,379";"1,240";"0";"0"
"12/07/2024 05.30 PM";"0";"157";"1,545";"1,387";"0";"0"
"12/07/2024 05.45 PM";"0";"97";"1,473";"1,376";"0";"0"
"12/07/2024 06.00 PM";"0";"82";"1,290";"1,208";"0";"0"
"12/07/2024 06.15 PM";"0";"142";"2,186";"2,044";"0";"0"
"12/07/2024 06.30 PM";"0";"159";"933";"774";"0";"0"
"12/07/2024 06.45 PM";"0";"96";"517";"421";"0";"0"
"12/07/2024 07.00 PM";"0";"1,995";"2,391";"397";"0";"0"
"12/07/2024 07.15 PM";"0";"5,073";"5,480";"407";"0";"0"
"12/07/2024 07.30 PM";"0";"6,485";"7,319";"834";"0";"0"
"12/07/2024 07.45 PM";"0";"2,686";"3,262";"576";"0";"0"
"12/07/2024 08.00 PM";"0";"1,789";"2,158";"368";"0";"0"
"12/07/2024 08.15 PM";"0";"131";"492";"361";"0";"0"
"12/07/2024 08.30 PM";"0";"156";"519";"363";"0";"0"
"12/07/2024 08.45 PM";"0";"105";"463";"358";"0";"0"
"12/07/2024 09.00 PM";"0";"82";"563";"481";"0";"0"
"12/07/2024 09.15 PM";"0";"132";"670";"538";"0";"0"
"12/07/2024 09.30 PM";"0";"158";"572";"415";"0";"0"
"12/07/2024 09.45 PM";"8";"104";"533";"421";"0";"0"
"12/07/2024 10.00 PM";"0";"82";"622";"540";"0";"0"
"12/07/2024 10.15 PM";"0";"136";"621";"485";"0";"0"
"12/07/2024 10.30 PM";"0";"2,817";"3,203";"386";"0";"0"
"12/07/2024 10.45 PM";"0";"5,177";"5,523";"346";"0";"0"
"12/07/2024 11.00 PM";"0";"4,173";"4,437";"265";"0";"0"
"12/07/2024 11.15 PM";"0";"3,729";"3,893";"164";"0";"0"
"12/07/2024 11.30 PM";"0";"4,219";"4,353";"134";"0";"0"
"12/07/2024 11.45 PM";"0";"84";"187";"103";"0";"0"
"12/08/2024 12.00 AM";"0";"99";"225";"126";"0";"0"
"12/08/2024 12.15 AM";"0";"153";"346";"194";"0";"0"
"12/08/2024 12.30 AM";"0";"136";"323";"188";"0";"0"
"12/08/2024 12.45 AM";"0";"82";"265";"183";"0";"0"
"12/08/2024 01.00 AM";"0";"100";"281";"180";"0";"0"
"12/08/2024 01.15 AM";"0";"155";"332";"177";"0";"0"
"12/08/2024 01.30 AM";"0";"135";"313";"177";"0";"0"
"12/08/2024 01.45 AM";"0";"82";"255";"173";"0";"0"
"12/08/2024 02.00 AM";"0";"104";"204";"100";"0";"0"
"12/08/2024 02.15 AM";"0";"177";"270";"94";"0";"0"
"12/08/2024 02.30 AM";"0";"3,470";"3,578";"108";"0";"0"
"12/08/2024 02.45 AM";"0";"5,226";"5,340";"114";"0";"0"
"12/08/2024 03.00 AM";"0";"5,483";"5,599";"115";"0";"0"
"12/08/2024 03.15 AM";"0";"3,107";"3,252";"145";"0";"0"
"12/08/2024 03.30 AM";"0";"83";"272";"188";"0";"0"
"12/08/2024 03.45 AM";"0";"113";"298";"186";"0";"0"
"12/08/2024 04.00 AM";"0";"154";"335";"181";"0";"0"
"12/08/2024 04.15 AM";"0";"122";"301";"179";"0";"0"
"12/08/2024 04.30 AM";"0";"82";"259";"177";"0";"0"
"12/08/2024 04.45 AM";"0";"115";"281";"167";"0";"0"
"12/08/2024 05.00 AM";"0";"155";"253";"98";"0";"0"
"12/08/2024 05.15 AM";"0";"120";"217";"97";"0";"0"
"12/08/2024 05.30 AM";"0";"81";"179";"98";"0";"0"
"12/08/2024 05.45 AM";"0";"1,244";"1,335";"91";"0";"0"
"12/08/2024 06.00 AM";"0";"4,531";"4,646";"115";"0";"0"
"12/08/2024 06.15 AM";"0";"3,899";"4,025";"126";"0";"0"
"12/08/2024 06.30 AM";"0";"3,474";"3,701";"227";"0";"0"
"12/08/2024 06.45 AM";"0";"5,491";"5,829";"338";"0";"0"
"12/08/2024 07.00 AM";"0";"2,985";"3,307";"321";"0";"0"
"12/08/2024 07.15 AM";"0";"82";"397";"315";"0";"0"
"12/08/2024 07.30 AM";"0";"114";"430";"316";"0";"0"
"12/08/2024 07.45 AM";"0";"152";"466";"314";"0";"0"
"12/08/2024 08.00 AM";"0";"116";"457";"340";"0";"0"
"12/08/2024 08.15 AM";"0";"81";"425";"344";"0";"0"
"12/08/2024 08.30 AM";"0";"117";"348";"231";"173";"173"
"12/08/2024 08.45 AM";"0";"154";"377";"223";"296";"296"
"12/08/2024 09.00 AM";"0";"116";"329";"214";"549";"549"
"12/08/2024 09.15 AM";"0";"82";"300";"218";"629";"629"
"12/08/2024 09.30 AM";"0";"545";"1,168";"623";"698";"698"
"12/08/2024 09.45 AM";"0";"3,996";"4,457";"461";"455";"455"
"12/08/2024 10.00 AM";"0";"5,243";"5,774";"531";"409";"409"
"12/08/2024 10.15 AM";"0";"2,572";"3,125";"553";"482";"482"
"12/08/2024 10.30 AM";"0";"5,065";"5,475";"410";"810";"810"
"12/08/2024 10.45 AM";"0";"2,219";"2,561";"342";"1,018";"1,018"
"12/08/2024 11.00 AM";"0";"85";"523";"437";"1,003";"1,003"
"12/08/2024 11.15 AM";"0";"130";"500";"371";"1,064";"1,064"
"12/08/2024 11.30 AM";"0";"159";"523";"364";"616";"616"
"12/08/2024 11.45 AM";"0";"113";"530";"417";"685";"685"
"12/08/2024 12.00 PM";"0";"86";"488";"402";"843";"843"
"12/08/2024 12.15 PM";"0";"1,451";"1,850";"399";"1,068";"1,068"
"12/08/2024 12.30 PM";"0";"4,846";"5,688";"842";"1,329";"1,329"
"12/08/2024 12.45 PM";"0";"5,127";"6,175";"1,048";"1,368";"1,368"
"12/08/2024 01.00 PM";"0";"87";"820";"733";"1,195";"1,195"
"12/08/2024 01.15 PM";"348";"87";"849";"413";"1,141";"1,141"
"12/08/2024 01.30 PM";"291";"179";"876";"406";"1,109";"1,109"
"12/08/2024 01.45 PM";"60";"1,440";"2,329";"829";"1,187";"1,187"
"12/08/2024 02.00 PM";"218";"144";"783";"421";"1,011";"1,011"
"12/08/2024 02.15 PM";"0";"154";"513";"360";"886";"886"
"12/08/2024 02.30 PM";"0";"221";"595";"374";"836";"836"
"12/08/2024 02.45 PM";"0";"214";"578";"365";"840";"840"
"12/08/2024 03.00 PM";"0";"147";"518";"371";"761";"761"
"12/08/2024 03.15 PM";"0";"149";"525";"375";"371";"371"
"12/08/2024 03.30 PM";"0";"5,153";"5,590";"437";"159";"159"
"12/08/2024 03.45 PM";"0";"4,113";"4,558";"445";"57";"57"
"12/08/2024 04.00 PM";"0";"3,844";"6,055";"2,211";"0";"0"
"12/08/2024 04.15 PM";"0";"877";"2,490";"1,613";"0";"0"
"12/08/2024 04.30 PM";"0";"84";"606";"522";"0";"0"
"12/08/2024 04.45 PM";"0";"216";"970";"753";"0";"0"
"12/08/2024 05.00 PM";"0";"1,075";"1,743";"668";"0";"0"
"12/08/2024 05.15 PM";"0";"192";"784";"592";"0";"0"
"12/08/2024 05.30 PM";"0";"1,258";"1,933";"675";"0";"0"
"12/08/2024 05.45 PM";"0";"199";"853";"654";"0";"0"
"12/08/2024 06.00 PM";"0";"208";"2,359";"2,150";"0";"0"
"12/08/2024 06.15 PM";"0";"822";"3,323";"2,501";"0";"0"
"12/08/2024 06.30 PM";"0";"1,248";"1,884";"636";"0";"0"
"12/08/2024 06.45 PM";"0";"1,421";"2,151";"730";"0";"0"
"12/08/2024 07.00 PM";"215";"4,686";"5,792";"891";"0";"0"
"12/08/2024 07.15 PM";"122";"5,297";"6,333";"914";"0";"0"
"12/08/2024 07.30 PM";"207";"5,492";"6,328";"629";"0";"0"
"12/08/2024 07.45 PM";"0";"228";"629";"401";"0";"0"
"12/08/2024 08.00 PM";"0";"83";"419";"336";"0";"0"
"12/08/2024 08.15 PM";"0";"153";"863";"710";"0";"0"
"12/08/2024 08.30 PM";"0";"160";"1,150";"990";"0";"0"
"12/08/2024 08.45 PM";"0";"85";"964";"879";"0";"0"
"12/08/2024 09.00 PM";"89";"85";"518";"344";"0";"0"
"12/08/2024 09.15 PM";"0";"3,042";"3,456";"414";"0";"0"
"12/08/2024 09.30 PM";"0";"5,326";"5,826";"500";"0";"0"
"12/08/2024 09.45 PM";"0";"3,588";"4,011";"423";"0";"0"
"12/08/2024 10.00 PM";"0";"85";"460";"375";"0";"0"
"12/08/2024 10.15 PM";"0";"107";"419";"312";"0";"0"
"12/08/2024 10.30 PM";"0";"154";"464";"310";"0";"0"
"12/08/2024 10.45 PM";"0";"128";"354";"226";"0";"0"
"12/08/2024 11.00 PM";"0";"82";"290";"208";"0";"0"
"12/08/2024 11.15 PM";"0";"110";"335";"225";"0";"0"
"12/08/2024 11.30 PM";"0";"157";"376";"219";"0";"0"
"12/08/2024 11.45 PM";"0";"128";"307";"179";"0";"0"
"12/09/2024 12.00 AM";"0";"84";"211";"127";"0";"0"
"12/09/2024 12.15 AM";"0";"2,228";"2,437";"209";"0";"0"
"12/09/2024 12.30 AM";"0";"5,177";"5,388";"211";"0";"0"
"12/09/2024 12.45 AM";"0";"5,416";"5,626";"210";"0";"0"
"12/09/2024 01.00 AM";"0";"2,298";"2,486";"188";"0";"0"
"12/09/2024 01.15 AM";"0";"84";"262";"178";"0";"0"
"12/09/2024 01.30 AM";"0";"127";"228";"101";"0";"0"
"12/09/2024 01.45 AM";"0";"157";"253";"96";"0";"0"
"12/09/2024 02.00 AM";"0";"112";"207";"96";"0";"0"
"12/09/2024 02.15 AM";"0";"83";"179";"96";"0";"0"
"12/09/2024 02.30 AM";"0";"129";"225";"96";"0";"0"
"12/09/2024 02.45 AM";"0";"158";"254";"96";"0";"0"
"12/09/2024 03.00 AM";"0";"2,928";"3,130";"202";"0";"0"
"12/09/2024 03.15 AM";"0";"5,287";"5,498";"212";"0";"0"
"12/09/2024 03.30 AM";"0";"4,831";"5,052";"221";"0";"0"
"12/09/2024 03.45 AM";"0";"85";"270";"185";"0";"0"
"12/09/2024 04.00 AM";"0";"86";"264";"178";"0";"0"
"12/09/2024 04.15 AM";"0";"154";"307";"153";"0";"0"
"12/09/2024 04.30 AM";"0";"153";"247";"94";"0";"0"
"12/09/2024 04.45 AM";"0";"82";"177";"95";"0";"0"
"12/09/2024 05.00 AM";"0";"87";"183";"95";"0";"0"
"12/09/2024 05.15 AM";"0";"301";"402";"101";"0";"0"
"12/09/2024 05.30 AM";"0";"3,706";"3,808";"102";"0";"0"
"12/09/2024 05.45 AM";"0";"5,338";"5,449";"112";"0";"0"
"12/09/2024 06.00 AM";"0";"3,691";"3,876";"185";"0";"0"
"12/09/2024 06.15 AM";"0";"84";"271";"187";"0";"0"
"12/09/2024 06.30 AM";"0";"104";"314";"210";"0";"0"
"12/09/2024 06.45 AM";"0";"154";"494";"340";"0";"0"
"12/09/2024 07.00 AM";"179";"128";"734";"426";"0";"0"
"12/09/2024 07.15 AM";"106";"82";"1,086";"897";"0";"0"
"12/09/2024 07.30 AM";"0";"108";"1,084";"977";"0";"0"
"12/09/2024 07.45 AM";"0";"154";"569";"416";"0";"0"
"12/09/2024 08.00 AM";"0";"126";"481";"355";"0";"0"
"12/09/2024 08.15 AM";"0";"2,945";"3,358";"414";"0";"0"
"12/09/2024 08.30 AM";"0";"5,200";"5,501";"301";"0";"0"
"12/09/2024 08.45 AM";"0";"3,245";"3,560";"315";"0";"0"
"12/09/2024 09.00 AM";"0";"4,721";"4,919";"198";"0";"0"
"12/09/2024 09.15 AM";"0";"1,853";"2,044";"191";"38";"38"
"12/09/2024 09.30 AM";"0";"82";"259";"177";"227";"227"
"12/09/2024 09.45 AM";"0";"130";"305";"175";"373";"373"
"12/09/2024 10.00 AM";"0";"156";"297";"141";"542";"542"
"12/09/2024 10.15 AM";"0";"104";"195";"91";"625";"625"
"12/09/2024 10.30 AM";"0";"82";"177";"95";"717";"717"
"12/09/2024 10.45 AM";"0";"134";"225";"92";"647";"647"
"12/09/2024 11.00 AM";"676";"157";"928";"95";"1,581";"1,581"
"12/09/2024 11.15 AM";"584";"104";"787";"99";"1,272";"1,272"
"12/09/2024 11.30 AM";"214";"83";"473";"175";"887";"887"
"12/09/2024 11.45 AM";"334";"293";"813";"186";"1,423";"1,423"
"12/09/2024 12.00 PM";"0";"3,684";"3,874";"190";"791";"791"
"12/09/2024 12.15 PM";"0";"5,234";"5,430";"196";"420";"420"
"12/09/2024 12.30 PM";"0";"5,408";"5,602";"195";"466";"466"
"12/09/2024 12.45 PM";"0";"2,137";"2,243";"107";"532";"532"
"12/09/2024 01.00 PM";"0";"82";"176";"94";"398";"398"
"12/09/2024 01.15 PM";"0";"127";"222";"95";"341";"341"
"12/09/2024 01.30 PM";"0";"155";"250";"95";"282";"282"
"12/09/2024 01.45 PM";"0";"107";"202";"95";"285";"285"
"12/09/2024 02.00 PM";"0";"82";"177";"95";"279";"279"
"12/09/2024 02.15 PM";"0";"130";"279";"150";"311";"311"
"12/09/2024 02.30 PM";"0";"157";"343";"186";"271";"271"
"12/09/2024 02.45 PM";"0";"106";"291";"184";"257";"257"
"12/09/2024 03.00 PM";"0";"83";"265";"182";"152";"152"
"12/09/2024 03.15 PM";"0";"2,256";"2,436";"180";"115";"115"
"12/09/2024 03.30 PM";"0";"5,125";"5,489";"364";"59";"59"
"12/09/2024 03.45 PM";"0";"5,395";"5,893";"498";"19";"19"
"12/09/2024 04.00 PM";"0";"4,291";"5,096";"804";"1";"1"
"12/09/2024 04.15 PM";"0";"3,244";"5,377";"2,133";"0";"0"
"12/09/2024 04.30 PM";"0";"86";"2,527";"2,441";"0";"0"
"12/09/2024 04.45 PM";"0";"90";"1,893";"1,803";"0";"0"
"12/09/2024 05.00 PM";"0";"153";"1,507";"1,354";"0";"0"
"12/09/2024 05.15 PM";"0";"146";"910";"764";"0";"0"
"12/09/2024 05.30 PM";"0";"83";"707";"624";"0";"0"
"12/09/2024 05.45 PM";"0";"92";"404";"312";"0";"0"
"12/09/2024 06.00 PM";"0";"154";"390";"236";"0";"0"
"12/09/2024 06.15 PM";"0";"1,437";"1,877";"440";"0";"0"
"12/09/2024 06.30 PM";"0";"4,744";"5,184";"440";"0";"0"
"12/09/2024 06.45 PM";"0";"5,394";"5,831";"437";"0";"0"
"12/09/2024 07.00 PM";"179";"3,909";"4,911";"823";"0";"0"
"12/09/2024 07.15 PM";"106";"85";"1,305";"1,114";"0";"0"
"12/09/2024 07.30 PM";"0";"105";"714";"609";"0";"0"
"12/09/2024 07.45 PM";"180";"155";"731";"396";"0";"0"
"12/09/2024 08.00 PM";"0";"132";"530";"397";"0";"0"
"12/09/2024 08.15 PM";"0";"1,231";"1,550";"319";"0";"0"
"12/09/2024 08.30 PM";"0";"4,694";"5,061";"367";"0";"0"
"12/09/2024 08.45 PM";"0";"2,600";"2,956";"356";"0";"0"
"12/09/2024 09.00 PM";"0";"5,509";"5,844";"335";"0";"0"
"12/09/2024 09.15 PM";"0";"1,619";"1,881";"261";"0";"0"
"12/09/2024 09.30 PM";"0";"84";"262";"178";"0";"0"
"12/09/2024 09.45 PM";"0";"136";"311";"175";"0";"0"
"12/09/2024 10.00 PM";"0";"156";"331";"175";"0";"0"
"12/09/2024 10.15 PM";"0";"101";"360";"259";"0";"0"
"12/09/2024 10.30 PM";"0";"83";"346";"262";"0";"0"
"12/09/2024 10.45 PM";"0";"288";"544";"256";"0";"0"
"12/09/2024 11.00 PM";"0";"3,720";"3,993";"272";"0";"0"
"12/09/2024 11.15 PM";"0";"5,328";"5,601";"272";"0";"0"
"12/09/2024 11.30 PM";"0";"4,782";"4,998";"215";"0";"0"
"12/09/2024 11.45 PM";"0";"85";"266";"181";"0";"0"
"12/10/2024 12.00 AM";"0";"91";"263";"172";"0";"0"
"12/10/2024 12.15 AM";"0";"153";"327";"173";"0";"0"
"12/10/2024 12.30 AM";"0";"144";"236";"92";"0";"0"
"12/10/2024 12.45 AM";"0";"84";"177";"93";"0";"0"
"12/10/2024 01.00 AM";"0";"93";"280";"186";"0";"0"
"12/10/2024 01.15 AM";"0";"153";"331";"178";"0";"0"
"12/10/2024 01.30 AM";"0";"142";"316";"174";"0";"0"
"12/10/2024 01.45 AM";"0";"82";"254";"172";"0";"0"
"12/10/2024 02.00 AM";"0";"1,889";"2,052";"163";"0";"0"
"12/10/2024 02.15 AM";"0";"5,017";"5,129";"112";"0";"0"
"12/10/2024 02.30 AM";"0";"5,401";"5,510";"109";"0";"0"
"12/10/2024 02.45 AM";"0";"3,684";"3,797";"113";"0";"0"
"12/10/2024 03.00 AM";"0";"4,016";"4,105";"89";"0";"0"
"12/10/2024 03.15 AM";"0";"87";"178";"91";"0";"0"
"12/10/2024 03.30 AM";"0";"85";"175";"90";"0";"0"
"12/10/2024 03.45 AM";"0";"153";"336";"183";"0";"0"
"12/10/2024 04.00 AM";"0";"152";"331";"179";"0";"0"
"12/10/2024 04.15 AM";"0";"82";"257";"175";"0";"0"
"12/10/2024 04.30 AM";"0";"86";"257";"171";"0";"0"
"12/10/2024 04.45 AM";"0";"154";"323";"169";"0";"0"
"12/10/2024 05.00 AM";"0";"151";"240";"89";"0";"0"
"12/10/2024 05.15 AM";"0";"107";"204";"97";"0";"0"
"12/10/2024 05.30 AM";"0";"3,489";"3,587";"98";"0";"0"
"12/10/2024 05.45 AM";"0";"5,229";"5,336";"107";"0";"0"
"12/10/2024 06.00 AM";"0";"5,416";"5,524";"108";"0";"0"
"12/10/2024 06.15 AM";"0";"2,939";"3,054";"115";"0";"0"
"12/10/2024 06.30 AM";"0";"83";"248";"165";"0";"0"
"12/10/2024 06.45 AM";"0";"116";"437";"321";"0";"0"
"12/10/2024 07.00 AM";"0";"155";"470";"315";"0";"0"
"12/10/2024 07.15 AM";"0";"119";"432";"313";"0";"0"
"12/10/2024 07.30 AM";"0";"82";"501";"419";"0";"0"
"12/10/2024 07.45 AM";"0";"119";"1,369";"1,250";"0";"0"
"12/10/2024 08.00 AM";"0";"156";"660";"504";"0";"0"
"12/10/2024 08.15 AM";"0";"1,087";"1,555";"468";"0";"0"
"12/10/2024 08.30 AM";"0";"4,516";"4,708";"191";"59";"59"
"12/10/2024 08.45 AM";"0";"4,080";"4,242";"162";"231";"231"
"12/10/2024 09.00 AM";"0";"3,747";"4,337";"591";"364";"364"
"12/10/2024 09.15 AM";"0";"4,533";"4,750";"218";"233";"233"
"12/10/2024 09.30 AM";"0";"86";"385";"299";"265";"265"
"12/10/2024 09.45 AM";"0";"97";"519";"422";"420";"420"
"12/10/2024 10.00 AM";"0";"154";"442";"288";"507";"507"
"12/10/2024 10.15 AM";"0";"141";"421";"280";"500";"500"
"12/10/2024 10.30 AM";"0";"83";"350";"267";"550";"550"
"12/10/2024 10.45 AM";"0";"100";"281";"182";"775";"775"
"12/10/2024 11.00 AM";"0";"157";"337";"180";"766";"766"
"12/10/2024 11.15 AM";"97";"141";"418";"180";"925";"925"
"12/10/2024 11.30 AM";"163";"2,455";"2,797";"179";"840";"840"
"12/10/2024 11.45 AM";"0";"5,256";"5,445";"189";"557";"557"
"12/10/2024 12.00 PM";"0";"5,500";"5,675";"175";"606";"606"
"12/10/2024 12.15 PM";"0";"2,360";"2,594";"234";"543";"543"
"12/10/2024 12.30 PM";"0";"83";"2,734";"2,651";"633";"633"
"12/10/2024 12.45 PM";"0";"990";"1,610";"620";"953";"953"
"12/10/2024 01.00 PM";"0";"1,179";"1,562";"383";"681";"681"
"12/10/2024 01.15 PM";"0";"544";"859";"315";"671";"671"
"12/10/2024 01.30 PM";"248";"1,379";"1,896";"268";"1,024";"1,024"
"12/10/2024 01.45 PM";"249";"187";"674";"238";"529";"529"
"12/10/2024 02.00 PM";"43";"205";"490";"243";"939";"939"
"12/10/2024 02.15 PM";"209";"2,516";"3,204";"479";"1,227";"1,227"
"12/10/2024 02.30 PM";"0";"7,264";"7,490";"226";"553";"553"
"12/10/2024 02.45 PM";"0";"5,303";"5,450";"147";"518";"518"
"12/10/2024 03.00 PM";"0";"88";"260";"171";"432";"432"
"12/10/2024 03.15 PM";"0";"85";"276";"191";"227";"227"
"12/10/2024 03.30 PM";"0";"151";"338";"188";"270";"270"
"12/10/2024 03.45 PM";"0";"149";"335";"185";"128";"128"
"12/10/2024 04.00 PM";"0";"81";"260";"179";"14";"14"
"12/10/2024 04.15 PM";"0";"86";"219";"132";"0";"0"
"12/10/2024 04.30 PM";"0";"154";"249";"95";"0";"0"
"12/10/2024 04.45 PM";"0";"150";"247";"97";"0";"0"
"12/10/2024 05.00 PM";"0";"82";"181";"99";"0";"0"
"12/10/2024 05.15 PM";"0";"88";"186";"98";"0";"0"
"12/10/2024 05.30 PM";"0";"520";"621";"102";"0";"0"
"12/10/2024 05.45 PM";"0";"3,885";"4,141";"256";"0";"0"
"12/10/2024 06.00 PM";"0";"5,186";"5,586";"400";"0";"0"
"12/10/2024 06.15 PM";"0";"2,977";"3,541";"564";"0";"0"
"12/10/2024 06.30 PM";"0";"5,009";"5,395";"386";"0";"0"
"12/10/2024 06.45 PM";"0";"2,938";"3,294";"357";"0";"0"
"12/10/2024 07.00 PM";"0";"84";"498";"414";"0";"0"
"12/10/2024 07.15 PM";"0";"118";"584";"466";"0";"0"
"12/10/2024 07.30 PM";"0";"156";"828";"672";"0";"0"
"12/10/2024 07.45 PM";"0";"119";"2,081";"1,962";"0";"0"
"12/10/2024 08.00 PM";"0";"83";"1,029";"946";"0";"0"
"12/10/2024 08.15 PM";"0";"121";"1,153";"1,032";"0";"0"
"12/10/2024 08.30 PM";"0";"2,021";"2,419";"398";"0";"0"
"12/10/2024 08.45 PM";"0";"5,162";"5,725";"563";"0";"0"
"12/10/2024 09.00 PM";"0";"5,441";"5,861";"420";"0";"0"
"12/10/2024 09.15 PM";"281";"4,682";"5,322";"359";"0";"0"
"12/10/2024 09.30 PM";"0";"3,290";"3,475";"185";"0";"0"
"12/10/2024 09.45 PM";"0";"546";"658";"112";"0";"0"
"12/10/2024 10.00 PM";"0";"84";"183";"99";"0";"0"
"12/10/2024 10.15 PM";"0";"149";"248";"99";"0";"0"
"12/10/2024 10.30 PM";"0";"158";"257";"99";"0";"0"
"12/10/2024 10.45 PM";"0";"89";"189";"100";"0";"0"
"12/10/2024 11.00 PM";"0";"84";"341";"257";"0";"0"
"12/10/2024 11.15 PM";"0";"1,430";"1,718";"288";"0";"0"
"12/10/2024 11.30 PM";"0";"4,803";"5,096";"292";"0";"0"
"12/10/2024 11.45 PM";"0";"5,517";"5,801";"285";"0";"0"
"12/11/2024 12.00 AM";"0";"230";"438";"208";"0";"0"
"12/11/2024 12.15 AM";"0";"84";"206";"122";"0";"0"
"12/11/2024 12.30 AM";"0";"153";"323";"170";"0";"0"
"12/11/2024 12.45 AM";"0";"156";"357";"201";"0";"0"
"12/11/2024 01.00 AM";"0";"85";"313";"228";"0";"0"
"12/11/2024 01.15 AM";"0";"1,080";"1,323";"243";"0";"0"
"12/11/2024 01.30 AM";"0";"4,611";"4,762";"150";"0";"0"
"12/11/2024 01.45 AM";"0";"2,703";"2,922";"219";"0";"0"
"12/11/2024 02.00 AM";"0";"5,295";"5,498";"204";"0";"0"
"12/11/2024 02.15 AM";"0";"1,209";"1,406";"197";"0";"0"
"12/11/2024 02.30 AM";"0";"83";"259";"176";"0";"0"
"12/11/2024 02.45 AM";"0";"140";"281";"141";"0";"0"
"12/11/2024 03.00 AM";"0";"156";"251";"95";"0";"0"
"12/11/2024 03.15 AM";"0";"97";"190";"93";"0";"0"
"12/11/2024 03.30 AM";"0";"84";"352";"269";"0";"0"
"12/11/2024 03.45 AM";"0";"191";"281";"90";"0";"0"
"12/11/2024 04.00 AM";"0";"3,595";"3,693";"97";"0";"0"
"12/11/2024 04.15 AM";"0";"5,354";"5,482";"128";"0";"0"
"12/11/2024 04.30 AM";"0";"4,836";"5,038";"201";"0";"0"
"12/11/2024 04.45 AM";"0";"85";"267";"182";"0";"0"
"12/11/2024 05.00 AM";"0";"91";"270";"179";"0";"0"
"12/11/2024 05.15 AM";"0";"151";"327";"177";"0";"0"
"12/11/2024 05.30 AM";"0";"142";"296";"154";"0";"0"
"12/11/2024 05.45 AM";"0";"82";"178";"96";"0";"0"
"12/11/2024 06.00 AM";"0";"94";"189";"95";"0";"0"
"12/11/2024 06.15 AM";"0";"155";"250";"95";"0";"0"
"12/11/2024 06.30 AM";"0";"144";"273";"129";"0";"0"
"12/11/2024 06.45 AM";"0";"163";"521";"358";"0";"0"
"12/11/2024 07.00 AM";"0";"3,558";"3,985";"427";"0";"0"
"12/11/2024 07.15 AM";"0";"5,181";"5,778";"597";"0";"0"
"12/11/2024 07.30 AM";"0";"2,515";"3,354";"839";"0";"0"
"12/11/2024 07.45 AM";"0";"4,968";"6,097";"1,130";"0";"0"
"12/11/2024 08.00 AM";"0";"5,560";"6,218";"658";"0";"0"
"12/11/2024 08.15 AM";"0";"3,437";"3,911";"474";"0";"0"
"12/11/2024 08.30 AM";"0";"84";"536";"452";"0";"0"
"12/11/2024 08.45 AM";"0";"111";"432";"321";"56";"56"
"12/11/2024 09.00 AM";"0";"155";"277";"122";"134";"134"
"12/11/2024 09.15 AM";"0";"126";"225";"99";"148";"148"
"12/11/2024 09.30 AM";"0";"84";"217";"133";"190";"190"
"12/11/2024 09.45 AM";"0";"115";"303";"188";"183";"183"
"12/11/2024 10.00 AM";"0";"788";"973";"185";"214";"214"
"12/11/2024 10.15 AM";"0";"4,311";"4,514";"202";"163";"163"
"12/11/2024 10.30 AM";"0";"3,777";"3,950";"174";"395";"395"
"12/11/2024 10.45 AM";"0";"3,853";"3,976";"124";"560";"560"
"12/11/2024 11.00 AM";"0";"5,566";"5,678";"112";"681";"681"
"12/11/2024 11.15 AM";"0";"2,145";"2,268";"123";"755";"755"
"12/11/2024 11.30 AM";"313";"84";"499";"102";"923";"923"
"12/11/2024 11.45 AM";"261";"128";"490";"101";"962";"962"
"12/11/2024 12.00 PM";"415";"156";"681";"110";"1,013";"1,013"
"12/11/2024 12.15 PM";"108";"108";"395";"179";"805";"805"
"12/11/2024 12.30 PM";"0";"83";"271";"188";"614";"614"
"12/11/2024 12.45 PM";"0";"130";"313";"183";"559";"559"
"12/11/2024 01.00 PM";"0";"187";"363";"176";"496";"496"
"12/11/2024 01.15 PM";"0";"3,569";"3,754";"185";"504";"504"
"12/11/2024 01.30 PM";"0";"5,306";"5,420";"114";"419";"419"
"12/11/2024 01.45 PM";"0";"4,519";"4,616";"97";"366";"366"
"12/11/2024 02.00 PM";"0";"3,305";"3,424";"120";"375";"375"
"12/11/2024 02.15 PM";"0";"2,512";"2,605";"93";"578";"578"
"12/11/2024 02.30 PM";"0";"83";"182";"99";"558";"558"
"12/11/2024 02.45 PM";"0";"122";"220";"98";"443";"443"
"12/11/2024 03.00 PM";"0";"155";"330";"176";"268";"268"
"12/11/2024 03.15 PM";"0";"113";"527";"414";"167";"167"
"12/11/2024 03.30 PM";"0";"83";"592";"509";"114";"114"
"12/11/2024 03.45 PM";"0";"124";"492";"368";"79";"79"
"12/11/2024 04.00 PM";"0";"703";"1,025";"322";"33";"33"
"12/11/2024 04.15 PM";"0";"4,130";"4,505";"375";"0";"0"
"12/11/2024 04.30 PM";"0";"5,305";"5,611";"306";"0";"0"
"12/11/2024 04.45 PM";"0";"5,504";"5,811";"307";"0";"0"
"12/11/2024 05.00 PM";"0";"2,653";"2,950";"297";"0";"0"
"12/11/2024 05.15 PM";"0";"3,077";"3,379";"302";"0";"0"
"12/11/2024 05.30 PM";"0";"83";"371";"288";"0";"0"
"12/11/2024 05.45 PM";"0";"112";"1,020";"907";"0";"0"
"12/11/2024 06.00 PM";"0";"157";"767";"610";"0";"0"
"12/11/2024 06.15 PM";"0";"126";"2,279";"2,153";"0";"0"
"12/11/2024 06.30 PM";"0";"84";"1,578";"1,494";"0";"0"
"12/11/2024 06.45 PM";"0";"1,067";"2,169";"1,102";"0";"0"
"12/11/2024 07.00 PM";"0";"4,573";"5,118";"545";"0";"0"
"12/11/2024 07.15 PM";"0";"5,351";"5,840";"489";"0";"0"
"12/11/2024 07.30 PM";"0";"5,543";"6,299";"756";"0";"0"
"12/11/2024 07.45 PM";"0";"2,250";"3,462";"1,212";"0";"0"
"12/11/2024 08.00 PM";"0";"84";"544";"460";"0";"0"
"12/11/2024 08.15 PM";"0";"128";"584";"456";"0";"0"
"12/11/2024 08.30 PM";"0";"455";"766";"311";"0";"0"
"12/11/2024 08.45 PM";"0";"3,161";"3,513";"352";"0";"0"
"12/11/2024 09.00 PM";"0";"3,139";"3,497";"357";"0";"0"
"12/11/2024 09.15 PM";"0";"5,438";"5,785";"346";"0";"0"
"12/11/2024 09.30 PM";"0";"5,578";"5,908";"330";"0";"0"
"12/11/2024 09.45 PM";"0";"1,323";"1,602";"279";"0";"0"
"12/11/2024 10.00 PM";"0";"83";"314";"231";"0";"0"
"12/11/2024 10.15 PM";"0";"137";"367";"230";"0";"0"
"12/11/2024 10.30 PM";"0";"155";"384";"229";"0";"0"
"12/11/2024 10.45 PM";"0";"97";"327";"230";"0";"0"
"12/11/2024 11.00 PM";"0";"84";"313";"230";"0";"0"
"12/11/2024 11.15 PM";"0";"1,013";"1,310";"297";"0";"0"
"12/11/2024 11.30 PM";"0";"4,560";"4,888";"328";"0";"0"
"12/11/2024 11.45 PM";"0";"3,887";"4,204";"318";"0";"0"
"12/12/2024 12.00 AM";"0";"3,802";"4,125";"323";"0";"0"
"12/12/2024 12.15 AM";"0";"5,544";"5,873";"329";"0";"0"
"12/12/2024 12.30 AM";"0";"1,827";"2,042";"215";"0";"0"
"12/12/2024 12.45 AM";"0";"84";"314";"230";"0";"0"
"12/12/2024 01.00 AM";"0";"133";"364";"231";"0";"0"
"12/12/2024 01.15 AM";"0";"157";"387";"231";"0";"0"
"12/12/2024 01.30 AM";"0";"105";"336";"231";"0";"0"
"12/12/2024 01.45 AM";"0";"84";"318";"233";"0";"0"
"12/12/2024 02.00 AM";"0";"136";"465";"328";"0";"0"
"12/12/2024 02.15 AM";"0";"3,255";"3,589";"334";"0";"0"
"12/12/2024 02.30 AM";"0";"5,250";"5,584";"334";"0";"0"
"12/12/2024 02.45 AM";"0";"5,104";"5,446";"342";"0";"0"
"12/12/2024 03.00 AM";"0";"2,748";"3,055";"307";"0";"0"
"12/12/2024 03.15 AM";"0";"4,307";"4,540";"233";"0";"0"
"12/12/2024 03.30 AM";"0";"87";"318";"231";"0";"0"
"12/12/2024 03.45 AM";"0";"100";"332";"232";"0";"0"
"12/12/2024 04.00 AM";"0";"156";"388";"232";"0";"0"
"12/12/2024 04.15 AM";"0";"139";"369";"230";"0";"0"
"12/12/2024 04.30 AM";"0";"84";"314";"230";"0";"0"
"12/12/2024 04.45 AM";"0";"103";"405";"303";"0";"0"
"12/12/2024 05.00 AM";"0";"625";"946";"321";"0";"0"
"12/12/2024 05.15 AM";"0";"4,112";"4,451";"339";"0";"0"
"12/12/2024 05.30 AM";"0";"5,277";"5,607";"329";"0";"0"
"12/12/2024 05.45 AM";"0";"5,514";"5,906";"392";"0";"0"
"12/12/2024 06.00 AM";"0";"3,031";"3,229";"198";"0";"0"
"12/12/2024 06.15 AM";"0";"3,915";"4,187";"272";"0";"0"
"12/12/2024 06.30 AM";"0";"86";"348";"263";"0";"0"
"12/12/2024 06.45 AM";"0";"96";"466";"371";"0";"0"
"12/12/2024 07.00 AM";"0";"152";"523";"371";"0";"0"
"12/12/2024 07.15 AM";"0";"139";"1,064";"925";"0";"0"
"12/12/2024 07.30 AM";"0";"82";"804";"722";"0";"0"
"12/12/2024 07.45 AM";"0";"98";"692";"594";"0";"0"
"12/12/2024 08.00 AM";"9";"1,516";"2,258";"734";"0";"0"
"12/12/2024 08.15 AM";"0";"4,779";"5,523";"744";"0";"0"
"12/12/2024 08.30 AM";"0";"5,362";"5,710";"348";"0";"0"
"12/12/2024 08.45 AM";"0";"5,559";"6,024";"466";"7";"7"
"12/12/2024 09.00 AM";"0";"3,329";"3,707";"378";"90";"90"
"12/12/2024 09.15 AM";"0";"83";"477";"394";"137";"137"
"12/12/2024 09.30 AM";"0";"108";"275";"167";"196";"196"
"12/12/2024 09.45 AM";"0";"156";"325";"169";"310";"310"
"12/12/2024 10.00 AM";"0";"130";"318";"188";"402";"402"
"12/12/2024 10.15 AM";"0";"83";"818";"735";"534";"534"
"12/12/2024 10.30 AM";"0";"2,212";"2,507";"295";"547";"547"
"12/12/2024 10.45 AM";"0";"2,664";"2,930";"266";"606";"606"
"12/12/2024 11.00 AM";"0";"5,276";"5,535";"260";"706";"706"
"12/12/2024 11.15 AM";"0";"5,545";"5,783";"237";"777";"777"
"12/12/2024 11.30 AM";"0";"2,027";"2,400";"373";"724";"724"
"12/12/2024 11.45 AM";"0";"84";"284";"200";"731";"731"
"12/12/2024 12.00 PM";"0";"130";"315";"185";"888";"888"
"12/12/2024 12.15 PM";"0";"156";"375";"219";"773";"773"
"12/12/2024 12.30 PM";"0";"108";"321";"213";"687";"687"
"12/12/2024 12.45 PM";"0";"83";"334";"251";"710";"710"
"12/12/2024 01.00 PM";"0";"133";"404";"271";"657";"657"
"12/12/2024 01.15 PM";"0";"1,907";"2,177";"270";"646";"646"
"12/12/2024 01.30 PM";"0";"5,045";"5,324";"279";"589";"589"
"12/12/2024 01.45 PM";"0";"5,424";"6,056";"632";"531";"531"
"12/12/2024 02.00 PM";"0";"4,114";"4,708";"595";"474";"474"
"12/12/2024 02.15 PM";"0";"3,770";"3,945";"176";"398";"398"
"12/12/2024 02.30 PM";"0";"350";"508";"158";"354";"354"
"12/12/2024 02.45 PM";"0";"1,014";"1,119";"104";"273";"273"
"12/12/2024 03.00 PM";"0";"1,282";"1,383";"101";"197";"197"
"12/12/2024 03.15 PM";"0";"513";"625";"112";"156";"156"
"12/12/2024 03.30 PM";"0";"1,382";"1,514";"132";"107";"107"
"12/12/2024 03.45 PM";"0";"141";"335";"194";"74";"74"
"12/12/2024 04.00 PM";"0";"207";"393";"186";"29";"29"
"12/12/2024 04.15 PM";"0";"2,441";"2,640";"199";"0";"0"
"12/12/2024 04.30 PM";"0";"6,343";"6,533";"191";"0";"0"
"12/12/2024 04.45 PM";"0";"5,389";"5,519";"130";"0";"0"
"12/12/2024 05.00 PM";"0";"5,568";"5,677";"109";"0";"0"
"12/12/2024 05.15 PM";"0";"1,213";"1,305";"93";"0";"0"
"12/12/2024 05.30 PM";"0";"83";"174";"91";"0";"0"
"12/12/2024 05.45 PM";"0";"139";"416";"278";"0";"0"
"12/12/2024 06.00 PM";"0";"155";"689";"534";"0";"0"
"12/12/2024 06.15 PM";"0";"96";"953";"857";"0";"0"
"12/12/2024 06.30 PM";"0";"83";"717";"634";"0";"0"
"12/12/2024 06.45 PM";"61";"143";"742";"538";"0";"0"
"12/12/2024 07.00 PM";"609";"1,981";"3,156";"565";"0";"0"
"12/12/2024 07.15 PM";"160";"2,233";"3,327";"933";"0";"0"
"12/12/2024 07.30 PM";"0";"5,159";"5,876";"717";"0";"0"
"12/12/2024 07.45 PM";"0";"5,447";"5,905";"458";"0";"0"
"12/12/2024 08.00 PM";"0";"5,504";"5,904";"400";"0";"0"
"12/12/2024 08.15 PM";"0";"3,986";"4,645";"659";"0";"0"
"12/12/2024 08.30 PM";"0";"3,969";"4,578";"609";"0";"0"
"12/12/2024 08.45 PM";"0";"4,921";"5,183";"262";"0";"0"
"12/12/2024 09.00 PM";"0";"87";"415";"328";"0";"0"
"12/12/2024 09.15 PM";"0";"93";"447";"354";"0";"0"
"12/12/2024 09.30 PM";"0";"155";"505";"350";"0";"0"
"12/12/2024 09.45 PM";"0";"147";"494";"347";"0";"0"
"12/12/2024 10.00 PM";"0";"99";"450";"351";"0";"0"
"12/12/2024 10.15 PM";"0";"3,646";"3,957";"311";"0";"0"
"12/12/2024 10.30 PM";"0";"5,362";"5,642";"279";"0";"0"
"12/12/2024 10.45 PM";"0";"5,546";"5,826";"280";"0";"0"
"12/12/2024 11.00 PM";"0";"1,535";"1,815";"280";"0";"0"
"12/12/2024 11.15 PM";"0";"84";"347";"263";"0";"0"
"12/12/2024 11.30 PM";"0";"134";"398";"264";"0";"0"
"12/12/2024 11.45 PM";"0";"155";"477";"322";"0";"0"